date,equity,realized_equity,floating_pnl,daily_realized_pnl,daily_return,open_positions_count
2026-01-01,68.0,68.09972186546047,-0.09957583769150473,0.0,0.0,1
2026-01-02,73.79449615062238,68.09972186546047,5.686435139280908,0.0,0.08177644574440404,1
2026-01-03,78.88234642921768,68.09972186546047,10.766835021500608,0.0,0.06667330575215216,1
2026-01-04,82.08421841864202,68.09972186546047,13.964018347902496,0.0,0.039788317418474176,2
2026-01-05,99.38827385474609,68.09972186546047,31.242734580837297,0.0,0.191288363344322,2
2026-01-06,115.78792077800499,106.97799117701997,8.797028775690583,38.82133789634342,0.15272611119188897,1
2026-01-07,119.96654695303002,106.97799117701997,12.969535977160062,0.0,0.03545267989819875,2
2026-01-08,111.09137835527012,106.97799117701997,4.107363737455689,0.0,-0.0768598374540223,3
2026-01-09,105.72910421523515,106.97799117701997,-1.2470581534700966,0.0,-0.049472888743239817,3
2026-01-10,115.57859869193373,106.97799117701997,8.588013210532099,0.0,0.08907060434815155,3
2026-01-11,122.00753975912271,106.97799117701997,15.007540054305855,0.0,0.05413203745148281,3
2026-01-12,147.21370190179437,135.48270086849257,11.713822735436338,28.462968804036088,0.18780244140682248,3
2026-01-13,111.09527854496886,135.48270086849257,-24.351710588126615,0.0,-0.2814970871372096,3
2026-01-14,121.21203981297862,135.48270086849257,-14.249763805087271,0.0,0.08715320869486366,3
2026-01-15,149.3780744216255,135.48270086849257,13.875025855168401,0.0,0.20893909728367055,4
2026-01-16,145.75121600741957,135.48270086849257,10.253478433091631,0.0,-0.024579336076188407,4
2026-01-17,142.56692326765676,141.4738804696099,1.0914422002196962,5.982406413947618,-0.02208964187008458,5
2026-01-18,199.4544546949181,156.8287352827516,42.56330041631841,15.332369922985102,0.3357743865677558,10
2026-01-19,253.06844472782802,156.8287352827516,96.09878077320614,0.0,0.23807407166370698,10
2026-01-20,401.99408055029943,144.03880340416762,257.5775401930617,-12.771202934748302,0.46277737885009623,10
2026-01-21,341.3289547436322,144.03880340416762,197.00124939699532,0.0,-0.16359067456180187,10
2026-01-22,376.9848620370489,144.03880340416762,232.6049439428033,0.0,0.09935834394439637,10
2026-01-23,377.74000984547894,144.03880340416762,233.35898595012154,0.0,0.0020011214379214172,10
2026-01-24,346.0497018736938,144.03880340416762,201.71508369838034,0.0,-0.08762374255659393,10
2026-01-25,485.1321029822913,199.12658910515526,285.586701544361,55.00711787146197,0.33783881935732624,9
2026-01-26,405.71551609421533,199.12658910515526,206.28640837931414,0.0,-0.17876901641067328,10
2026-01-27,388.63575140838805,236.73381585980104,151.67949786506924,37.55215659130244,-0.043009681474123776,8
2026-01-28,357.88594034330066,340.61573986192764,17.244910853725468,103.72980444913371,-0.08242820000464304,4
2026-01-29,323.6829839213097,309.40689638102873,14.255182343578243,-31.163142793649,-0.10044974112761831,3
2026-01-30,306.8895665140954,339.6907506925828,-32.753151746254396,30.239508132706973,-0.053276627437583365,3
2026-01-31,495.51133457386817,339.6907506925828,155.5924079229095,0.0,0.47910226385339766,4
2026-02-01,563.9108734559007,339.6907506925828,223.8917859022673,0.0,0.1293059846919024,4
2026-02-02,563.962606323144,339.6907506925828,223.94344301445756,0.0,9.173523131255623e-05,5
2026-02-03,678.7665877851056,472.49526484953907,205.96926940949234,132.61004179303876,0.18528936122070727,4
2026-02-04,686.9067935407494,472.49526484953907,214.0975550503258,0.0,0.011921301640867093,4
2026-02-05,934.1453044422058,759.6757925153946,174.21402740031502,286.7599947009877,0.30743338702052536,2
2026-02-06,907.0523059170813,901.9887634493219,5.056127666540134,142.10457485605795,-0.029431880736506114,1
2026-02-07,901.414904931883,901.9887634493219,-0.5730181874007344,0.0,-0.006234472166497213,2
2026-02-08,886.0313003508151,901.9887634493219,-15.934095778573635,0.0,-0.01721336774287181,3
2026-02-09,905.0711991910254,901.9887634493219,3.07792197521651,0.0,0.021261336053815957,5
2026-02-10,823.2395191867469,901.9887634493219,-78.63392776308942,0.0,-0.09476642359043906,6
2026-02-11,672.9226269255621,901.9887634493219,-228.7307033997729,0.0,-0.20161683453986115,8
2026-02-12,904.232130208452,877.9114656121492,26.282121916511944,-24.0420402327392,0.29545575301925403,10
2026-02-13,1522.0453578192978,877.9114656121492,643.1906543850603,0.0,0.5207242308021568,10
2026-02-14,2313.1130197488887,877.9114656121492,1433.0999159454263,0.0,0.4185391844419536,10
2026-02-15,1600.8284591176034,877.9114656121492,721.8583896053111,0.0,-0.36807296270670775,10
2026-02-16,1733.0410663313944,877.9114656121492,853.877391214445,0.0,0.07935642493519424,10
2026-02-17,1621.829840167667,865.4378557659808,755.2843613800695,-12.455344108676202,-0.06632266435218015,9
2026-02-18,1298.1165859636023,1007.1866531804262,290.50390937484644,141.54122748438215,-0.2226406088288856,8
2026-02-19,1264.4581651297215,1015.5403998493831,248.55326241277805,8.341513855391753,-0.026270731482794633,6
2026-02-20,1425.0772035321195,1050.4415995573424,374.0870061204409,34.850092116821855,0.11958228771015499,5
2026-02-21,1469.1108739973592,1253.4425305800876,215.35252935904649,202.70366649688123,0.03043138000536565,3
2026-02-22,1419.4501111446348,1419.4501111446348,0.0,165.76448727193178,-0.03438781923427709,0
2026-02-23,1419.4501111446348,1419.4501111446348,0.0,0.0,0.0,0
2026-02-24,1419.4501111446348,1419.4501111446348,0.0,0.0,0.0,0
2026-02-25,1419.4501111446348,1419.4501111446348,0.0,0.0,0.0,0
2026-02-26,1419.4501111446348,1419.4501111446348,0.0,0.0,0.0,0
2026-02-27,1419.4501111446348,1419.4501111446348,0.0,0.0,0.0,0
2026-02-28,1419.4501111446348,1419.4501111446348,0.0,0.0,0.0,0
2026-03-01,1419.4501111446348,1419.4501111446348,0.0,0.0,0.0,0
2026-03-02,1419.4501111446348,1419.4501111446348,0.0,0.0,0.0,0
2026-03-03,1419.4501111446348,1419.4501111446348,0.0,0.0,0.0,0
2026-03-04,1419.4501111446348,1419.4501111446348,0.0,0.0,0.0,0
2026-03-05,1419.4501111446348,1419.4501111446348,0.0,0.0,0.0,0
2026-03-06,1419.4501111446348,1419.4501111446348,0.0,0.0,0.0,0
2026-03-07,1419.4501111446348,1419.4501111446348,0.0,0.0,0.0,0
2026-03-08,1419.4501111446348,1419.4501111446348,0.0,0.0,0.0,0
2026-03-09,1419.4501111446348,1419.4501111446348,0.0,0.0,0.0,0
2026-03-10,1419.4501111446348,1419.4501111446348,0.0,0.0,0.0,0
2026-03-11,1419.4501111446348,1419.4501111446348,0.0,0.0,0.0,0
2026-03-12,1419.4501111446348,1419.4501111446348,0.0,0.0,0.0,0
2026-03-13,1419.4501111446348,1419.4501111446348,0.0,0.0,0.0,0
2026-03-14,1419.4501111446348,1419.4501111446348,0.0,0.0,0.0,0
2026-03-15,1419.4501111446348,1419.4501111446348,0.0,0.0,0.0,0
2026-03-16,1419.4501111446348,1419.4501111446348,0.0,0.0,0.0,0
