symbol,signals,market_pnl_R,limit_pnl_R,limit_fills,missed_trades
MBOXUSDT,5,4.484831028142285,1.6509980661524435,3,2
ALLUSDT,6,-4.0,-4.0,6,0
SYNUSDT,5,9.58590417254072,6.851295722693234,4,1
PROVEUSDT,6,6.324902017827681,7.324902017827681,5,1
DASHUSDT,11,7.539910937281576,5.394554702733725,9,2
ALLOUSDT,0,0,0,0,0
THEUSDT,8,-3.6384549649974334,-3.3076921838758535,7,1
STGUSDT,3,1.067968033269164,4.840883530701543,3,0
AXLUSDT,6,2.8069027189092646,7.823510395761239,5,1
DOGEUSDT,7,-5.0,-4.0,6,1
LINKUSDT,9,-3.2899546780067883,1.5963502427606864,9,0
SIRENUSDT,5,6.870215061694264,1.5338991336006713,3,2
APEUSDT,5,-0.6025711835064298,4.756706390885666,5,0
GASUSDT,7,-7.0,-5.0,5,2
MAVUSDT,9,-0.5418117593922811,2.168402399157407,8,1
AERGOUSDT,7,11.543246717169533,11.543246717169533,6,1
IDOLUSDT,2,-1.0,-1.0,2,0
TACUSDT,7,-0.0405469534503351,-4.0,5,2
ZETAUSDT,8,-6.0,-6.0,7,1
EDENUSDT,6,-6.0,-5.0,6,0
SYRUPUSDT,3,-3.0,-3.0,3,0
AEROUSDT,6,6.70448244910393,3.6019492193503377,5,1
PUNDIXUSDT,3,-3.0,-3.0,3,0
TANSSIUSDT,5,-1.825793179089283,-4.0,4,1
CFXUSDT,10,-6.072555004896422,-6.072555004896422,10,0
ILVUSDT,8,0.3445077026144272,2.2970521789417737,7,1
USELESSUSDT,3,3.6372299898564164,0.16361255845443123,3,0
SOLVUSDT,6,2.841111027415388,0.8473784717851709,5,1
TONUSDT,7,1.0766923226944725,1.0766923226944725,7,0
1MBABYDOGEUSDT,7,-0.4040149662376864,-0.4040149662376864,7,0
JELLYJELLYUSDT,9,5.5716943816268945,-1.011527676775293,8,1
DOODUSDT,6,-6.0,-6.0,6,0
PARTIUSDT,7,-2.2094482361154055,-1.2094482361154055,7,0
ICPUSDT,9,5.36809783090523,1.4186689469419393,8,1
NILUSDT,6,-1.7060492172468913,-3.0,4,2
1000PEPEUSDT,12,18.21007369113313,19.21007369113313,10,2
COMPUSDT,7,-2.2639837435317034,-1.2639837435317034,6,1
STOUSDT,2,-2.0,-2.0,2,0
ZRCUSDT,4,1.600338940522379,1.600338940522379,3,1
MONUSDT,3,3.4586499847896635,1.042110809304265,2,1
RAYSOLUSDT,8,8.574137866779628,9.574137866779628,6,2
ONGUSDT,4,0.29202501695884253,-3.0,3,1
COAIUSDT,3,-0.005112192207356259,2.473394306417118,2,1
HIVEUSDT,9,-4.864953208895113,-2.864953208895112,8,1
KAVAUSDT,4,1.1822323462414577,4.4286263676746,4,0
XMRUSDT,2,-1.0,-1.0,2,0
OGUSDT,3,6.525965466738917,6.525965466738917,3,0
ICXUSDT,9,6.56761833732292,10.689949374559154,8,1
KSMUSDT,9,1.3833546861786643,-0.9468193757674257,7,2
NAORISUSDT,7,0.43981814935663266,3.772673286838543,3,4
CLOUSDT,5,1.4104560552700969,2.410456055270097,5,0
BANDUSDT,6,3.70270003311187,0.42408116804144536,5,1
DFUSDT,3,0.9431079456874851,0.9431079456874851,3,0
GLMUSDT,5,-5.0,-3.0,3,2
TRUUSDT,7,1.8714935873632412,0.9878956690358205,6,1
JUPUSDT,7,18.435918909940852,14.49405205108459,6,1
XRPUSDT,8,-6.0,-6.0,8,0
BANANAS31USDT,7,0.15641291661420897,1.530912144799148,6,1
BSVUSDT,4,2.3162313685135123,2.3162313685135123,4,0
SAPIENUSDT,7,6.627633048399442,5.641378736209459,3,3
ALGOUSDT,7,1.3959974370147856,1.3959974370147856,7,0
BDXNUSDT,7,-7.0,-6.0,6,1
VICUSDT,6,2.3804295159005506,6.720086071424975,6,0
CARVUSDT,6,-0.05043505483017796,4.420938726118941,5,0
NEOUSDT,6,-5.0,-5.0,6,0
ANKRUSDT,7,-0.5108711492614195,0.4891288507385805,6,1
TREEUSDT,7,0.8120866976702974,-4.0,5,2
币安人生USDT,3,-3.0,-3.0,3,0
DEXEUSDT,10,11.135360967117922,5.257840625208796,6,4
BIGTIMEUSDT,10,10.593846294413954,5.101974082193296,6,4
REDUSDT,10,13.728392477688034,13.73903011996948,9,1
SYSUSDT,4,2.1238050149637315,2.1238050149637315,4,0
TOSHIUSDT,11,-0.5652946744558647,1.0959140228442394,10,1
GTCUSDT,6,-1.5039141660913677,2.2708821555319423,6,0
VIRTUALUSDT,9,6.024929584155807,-1.4190823778133788,5,4
SKYAIUSDT,6,0.2474699759579022,-1.770765442782933,5,1
DEGENUSDT,13,9.87315399208896,5.494317231823039,10,3
PEOPLEUSDT,10,-0.9190309758303741,0.08096902416962592,10,0
MEWUSDT,12,12.896819719929937,12.46908376832945,11,1
BANANAUSDT,11,4.360065362231834,6.360065362231834,9,2
JOEUSDT,10,2.572630071209984,3.572630071209984,9,1
VTHOUSDT,5,-0.23015794712474724,-0.7879221604552544,4,1
FLUIDUSDT,9,9.079189532934283,6.445458841217598,8,1
REZUSDT,8,-1.9570177204629813,-0.9570177204629813,7,1
IDUSDT,10,11.447688640665723,11.447688640665723,8,2
CUSDT,8,3.6595204172127045,5.659520417212704,6,2
AEVOUSDT,12,1.687756813557593,0.027326403941108524,9,3
MERLUSDT,2,-2.0,-2.0,2,0
SIGNUSDT,6,-1.2457167543341812,-1.2457167543341812,6,0
VANRYUSDT,10,1.9311718080856628,7.5775784643023725,9,1
ZECUSDT,5,4.907429584417565,2.5422920489417438,4,1
FIDAUSDT,7,-2.7294533503260427,-6.0,6,1
LRCUSDT,7,1.8303773764296198,1.8303773764296198,7,0
ACHUSDT,6,2.132833950800182,2.132833950800182,6,0
FIOUSDT,7,1.7374822868720465,1.7374822868720465,7,0
XVSUSDT,7,-1.006419129768625,-1.006419129768625,7,0
PIEVERSEUSDT,5,0.8950764772647866,0.8950764772647866,5,0
STABLEUSDT,5,-1.7432378239586752,-4.0,4,1
PIPPINUSDT,13,1.6870236892716957,-5.952571923573595,10,3
MLNUSDT,5,9.664066840160787,5.973263486608856,4,1
SOPHUSDT,6,11.644758833499584,8.258240183894543,5,1
FHEUSDT,4,-1.0,-4.0,4,0
ETHWUSDT,11,6.611717522397015,7.611717522397015,10,1
ESPORTSUSDT,3,-0.06602496032713234,-0.06602496032713234,3,0
B2USDT,5,-4.0,-4.0,5,0
TRUMPUSDT,4,-0.7721829537477127,-3.0,3,1
PYTHUSDT,11,5.588286035531585,1.862867190811743,8,3
SONICUSDT,9,0.7322429446319938,-0.8651383280799392,7,2
GUNUSDT,8,-3.2075006554305143,-3.205677331821556,7,1
LINEAUSDT,8,5.133426267347193,0.5597182679390071,5,3
RONINUSDT,4,-3.0,-0.7869370522207029,4,0
BRUSDT,5,-5.0,-5.0,5,0
OPENUSDT,5,2.6504345207833735,2.6504345207833735,5,0
LDOUSDT,8,1.9091970576383157,-1.255746296197691,7,1
DYDXUSDT,13,-2.1791875205507445,-3.4371912787000825,11,2
APRUSDT,2,-2.0,-2.0,2,0
DEEPUSDT,13,8.502126799178765,5.363897368410971,10,3
DEGOUSDT,6,2.910095863961418,0.7328520572104571,4,2
RAREUSDT,7,-0.3357734575416953,-0.3357734575416953,6,1
METISUSDT,12,5.533332581466271,3.094576301585845,11,1
4USDT,3,3.331987009277093,3.331987009277093,3,0
MANAUSDT,7,-7.0,-6.0,6,1
CELRUSDT,4,1.4630691440601433,2.4630691440601433,3,1
SANTOSUSDT,3,2.052928101704909,2.052928101704909,3,0
POLUSDT,6,12.443524778974698,12.443524778974698,6,0
RLCUSDT,3,1.8922765038341036,-1.0,2,1
RENDERUSDT,7,-2.7625206381175658,0.9663324944360303,7,0
STXUSDT,9,-4.181625110914164,-0.42577030768071955,9,0
GRIFFAINUSDT,11,8.330526387366204,5.52257475351839,8,3
GIGGLEUSDT,7,0.5285210445653763,-1.8458433595261563,5,1
SCRUSDT,6,-0.769916644688458,1.7830510574981076,6,0
HIPPOUSDT,4,-0.6130247455572824,0.38697525444271763,3,1
BLESSUSDT,5,-1.7723650677909166,-1.7723650677909166,5,0
TAGUSDT,5,5.121671994231049,-1.0,1,4
DAMUSDT,8,-1.756622894037465,-1.756622894037465,8,0
1INCHUSDT,6,3.003541449756128,2.7699256014055473,5,1
SKLUSDT,11,8.249471568534162,3.0377461745310836,9,2
BANUSDT,6,-4.0,-4.0,6,0
KAIAUSDT,6,3.362048255073102,3.362048255073102,5,1
ARUSDT,8,5.478222552490932,3.430599756250202,6,2
EULUSDT,8,8.504724973178385,6.115453790538242,7,1
CVCUSDT,10,3.5015439764249177,0.1682825469161795,7,3
VVVUSDT,9,-3.7913073388198955,-6.0,7,2
XTZUSDT,3,0.3309082569279038,-2.0,2,1
NKNUSDT,4,1.501849654448351,1.501849654448351,4,0
SANDUSDT,8,-7.0,-7.0,8,0
FLOCKUSDT,10,8.9929642795764,6.806462680178986,9,1
MEMEUSDT,13,4.901297406436249,1.1720262634692196,9,4
XAIUSDT,13,-12.0,-4.884104189170297,12,1
JASMYUSDT,7,-0.4385854357446819,-0.4385854357446819,7,0
ORDERUSDT,5,8.547185802518428,4.186337185187797,5,0
CVXUSDT,7,1.8599869247496184,5.745901363725117,7,0
STEEMUSDT,7,-1.483900609745393,-1.483900609745393,7,0
ZEREBROUSDT,5,-1.4228191974265232,-4.0,4,1
ATOMUSDT,9,1.4120416232896273,-2.161193728298554,8,1
EIGENUSDT,6,-0.8992084151164752,3.3536915658149153,5,1
QTUMUSDT,5,-2.0,-2.0,5,0
ONDOUSDT,12,-3.6877814198867593,-2.6877814198867593,11,1
A2ZUSDT,7,6.639043631042772,7.639043631042772,7,0
ARKUSDT,4,0.5807599826344285,0.5807599826344285,4,0
AAVEUSDT,6,5.4432299285134755,5.4432299285134755,6,0
BABYUSDT,8,7.5578170370832165,2.4118325087637524,6,2
GPSUSDT,8,-1.3170389142052996,5.280730405894601,7,1
TOWNSUSDT,10,7.6100745881745695,4.800169043838382,6,4
MYXUSDT,11,-1.7898843049837243,-4.274397166269379,8,3
PUFFERUSDT,9,7.88252327379818,9.192871966252525,6,3
ENSOUSDT,6,-0.8607422316248745,-0.8607422316248745,6,0
SUIUSDT,14,-1.3110303758218191,-0.31103037582181914,12,1
ANIMEUSDT,8,-7.0,0.14815358367011067,7,1
1000SATSUSDT,23,6.000840863832563,8.949600638785505,22,1
MOVEUSDT,12,6.9087165577092735,9.680160421000846,11,1
WAXPUSDT,4,1.44831167600088,-1.0,2,2
SUSDT,12,0.031211525629314618,0.031211525629314618,12,0
TNSRUSDT,10,9.228255441801497,13.353364837834146,9,1
DOLOUSDT,11,-1.2620399255890717,-4.929255529892114,10,1
ETHUSDT,5,-3.0,-3.0,5,0
MORPHOUSDT,5,0.5184776027985007,0.5184776027985007,5,0
KASUSDT,11,3.5150717267725753,7.319191523986964,11,0
VANAUSDT,11,-10.0,-10.0,11,0
FARTCOINUSDT,10,9.970507486637192,10.757861584199475,8,2
MAVIAUSDT,9,-0.22220712560322387,3.9829659413364866,9,0
RIVERUSDT,8,4.167066928371858,0.06721567648406745,6,2
OGNUSDT,7,-0.7755935083004495,-0.7755935083004495,7,0
POWRUSDT,3,1.4138013363636666,1.4138013363636666,3,0
TAKEUSDT,6,-0.9648081440592073,-0.9648081440592073,6,0
STRKUSDT,6,-0.6305670492722482,-0.6305670492722482,6,0
B3USDT,3,-2.0,9.531902384782885,3,0
AGLDUSDT,7,5.981723836941532,4.256068208245631,4,3
CTKUSDT,4,-4.0,-4.0,4,0
NOMUSDT,8,-0.21895072793654036,-3.1329292307292107,7,1
1000FLOKIUSDT,13,12.06972528556386,10.051314087465812,12,1
BELUSDT,4,0.29417635407751197,-2.0,3,1
MASKUSDT,8,-2.222341910357714,-1.2993325051858067,7,1
ALPINEUSDT,5,4.603132180493091,2.258889170504434,3,2
COOKIEUSDT,8,10.64990648905165,1.9499993737320542,5,3
ONEUSDT,15,-0.06760003833483541,0.7752346803406396,14,1
MEUSDT,11,13.99380632911853,14.41009804695139,10,1
PLAYUSDT,3,1.109482837137286,2.109482837137286,2,1
CHESSUSDT,6,-4.0,-1.9332297468198547,6,0
CHILLGUYUSDT,7,-2.6871892536837687,3.1276810854870543,6,1
UAIUSDT,4,-0.8492832868197726,-0.8492832868197726,4,0
KOMAUSDT,7,7.661912470649244,4.654862714529234,6,1
ASTRUSDT,13,6.217795563617095,11.838747227568886,12,1
WIFUSDT,11,11.221995645308057,9.599517684448017,8,3
XANUSDT,4,4.743915690214629,1.6771157381827555,3,1
UMAUSDT,8,8.44205333464688,8.44205333464688,8,0
BTRUSDT,4,2.1814084711023547,5.289231602217865,4,0
HUMAUSDT,7,-6.0,-6.0,7,0
SUNUSDT,0,0,0,0,0
CETUSUSDT,9,7.365787084032526,5.668933444059799,7,2
AVAXUSDT,11,-1.4407452665852434,-1.4407452665852434,11,0
STORJUSDT,6,1.530569090811846,2.530569090811846,6,0
ARIAUSDT,8,-5.009116317916748,-3.0091163179167477,8,0
XLMUSDT,6,1.4112249091316018,1.4112249091316018,6,0
1000000MOGUSDT,7,3.3997433787069933,-1.7939204552767398,5,2
HYPEUSDT,9,21.37327149383556,21.37327149383556,8,1
HIGHUSDT,9,4.268360666481538,6.023157973599171,8,1
LAUSDT,7,-2.889738507630078,-2.889738507630078,6,1
HOOKUSDT,12,7.07512058741294,11.142911866056641,12,0
IRYSUSDT,1,-1.0,-1.0,1,0
AVAUSDT,3,3.255764240834523,3.255764240834523,2,1
VFYUSDT,4,-0.6686451737887738,3.5909593966259576,4,0
MOODENGUSDT,9,-3.4031058124960287,-3.4031058124960287,7,2
SAFEUSDT,10,-5.0819205947545765,-4.0819205947545765,8,2
DYMUSDT,8,4.019659599417146,1.7442753467456207,7,1
ENSUSDT,8,-1.0748831408327035,-1.0748831408327035,7,1
MELANIAUSDT,5,0.8349205615018169,0.8349205615018169,5,0
AKEUSDT,8,-4.063034838764711,0.6195330861407888,7,1
TRADOORUSDT,6,-2.7245748718832115,-2.7245748718832115,6,0
SUSHIUSDT,12,7.671606280575946,7.671606280575946,12,0
GUSDT,7,-2.9596208488195543,-5.0,5,2
SHELLUSDT,6,2.6440373375131334,3.112628552683865,5,1
ORCAUSDT,6,-2.9391215937201243,-4.0,5,1
AXSUSDT,7,-6.0,-1.9701151571050461,7,0
WLDUSDT,9,-2.21753176594447,5.128651630206038,9,0
PENGUUSDT,12,-1.7403761033547585,-4.4278086319402155,10,2
CELOUSDT,7,-1.6468578106873806,-1.6468578106873806,6,1
TAUSDT,9,-2.4464720515982257,1.2152228819423772,8,1
XVGUSDT,6,0.9062748340104441,-1.0283878577771386,5,1
ZILUSDT,12,-9.0,4.443324964357653,12,0
ARKMUSDT,9,-3.971682965183489,-2.971682965183489,8,1
KITEUSDT,1,0,0,1,0
C98USDT,6,3.114030330745875,3.114030330745875,6,0
ZKUSDT,10,4.826435826268105,1.1861548716749777,7,3
WUSDT,11,-3.615574541570717,-2.615574541570717,10,1
TIAUSDT,11,1.8236958501219007,2.8236958501219007,10,1
IMXUSDT,8,-0.5761535359696999,0.57383733444754,7,1
1000LUNCUSDT,10,9.597642498717967,8.118570091369772,8,2
LAYERUSDT,12,6.834748858092924,6.003126555079842,9,3
42USDT,4,2.408618521833925,0.18796279916609038,3,1
WOOUSDT,11,-5.960185616966461,-4.960185616966461,10,1
IOTXUSDT,8,-2.1858064006941955,2.1844210554973844,7,1
ACXUSDT,4,5.178921601575482,1.9565945563795122,3,1
BARDUSDT,3,-2.0,-1.0,2,1
CRVUSDT,5,-1.5373370163870845,-1.5373370163870845,5,0
DUSKUSDT,7,9.406627805935772,7.406627805935771,6,1
DODOXUSDT,7,2.149107656304684,0.19320543020180514,6,1
EPICUSDT,7,-3.327021497223647,-1.1397454013622212,5,2
CAKEUSDT,2,6.2390666843929194,2.812723130274131,1,1
ONUSDT,0,0,0,0,0
UNIUSDT,8,2.5949834809732066,-0.6115236421888053,6,2
TRUTHUSDT,3,-2.0,-2.0,2,1
ZKJUSDT,9,-0.6510682726237684,2.071569096668205,8,1
NTRNUSDT,7,5.374169582133797,3.285367082783446,6,1
ENAUSDT,12,12.069442478465312,3.058629156037888,8,4
2ZUSDT,5,7.6369286205119025,-0.001824091315036025,4,1
SPXUSDT,9,13.391452603818834,10.708929484538674,8,1
BTCUSDT,3,-2.0,-2.0,3,0
EVAAUSDT,3,-2.0,-2.0,3,0
PENDLEUSDT,10,5.675468568889908,2.399882396250657,9,1
BROCCOLI714USDT,8,-1.4987387733035016,3.161647000477863,7,1
COWUSDT,7,-1.9833957872487518,-1.9833957872487518,6,1
HOLOUSDT,7,-1.1804274381478228,0.9771654754217618,6,1
ERAUSDT,13,-4.140966694489505,-10.0,10,3
BANKUSDT,5,10.44291773661589,3.615199037628907,3,2
SKYUSDT,4,3.747307039467018,3.747307039467018,4,0
XPINUSDT,11,-4.635570487434311,-5.0,9,2
USUALUSDT,6,-2.7705085407716337,1.8125955961412838,5,1
ACEUSDT,8,-4.044604929363887,-5.0,6,2
AIOUSDT,4,5.038966178301052,6.038966178301052,3,1
GMXUSDT,6,-5.0,-0.8550248086867227,6,0
VINEUSDT,6,0.8018758851964831,0.8018758851964831,6,0
1000CHEEMSUSDT,5,1.6962617852448227,-3.0,3,2
EGLDUSDT,9,4.439868634653001,7.804526796154432,7,2
QUSDT,6,4.054335659667668,2.43047125026987,5,1
FFUSDT,5,-0.31335493736324205,-0.31335493736324205,5,0
ROSEUSDT,8,1.1072238023042416,-2.0435285399436087,7,1
CHZUSDT,3,1.5445055309246674,1.5445055309246674,3,0
LQTYUSDT,8,-4.081365970444027,0.5866237429101386,8,0
PIXELUSDT,10,3.5483585480872204,10.249628492525805,10,0
TLMUSDT,8,6.246224898006309,3.177651681752978,7,1
FUNUSDT,10,-0.9171522395059148,-8.0,8,2
ENJUSDT,10,6.940591925723041,6.940591925723041,9,1
PHAUSDT,9,-3.6910991095037677,-0.4861310486709032,9,0
PLUMEUSDT,6,-5.0,-5.0,5,1
PUMPBTCUSDT,10,-1.6130471224105354,-0.7613064989275997,10,0
CROSSUSDT,6,-1.8527695022749144,-0.8527695022749144,6,0
BULLAUSDT,6,2.3182048738878227,4.895075633160523,5,1
PORTALUSDT,13,-0.016629096413916855,1.9833709035860831,12,1
DIAUSDT,9,-0.2050442823129779,-2.205044282312978,8,1
OLUSDT,4,0.15518379506746305,-2.0,3,1
OPUSDT,9,3.929874224327736,2.635700070033551,7,2
FLOWUSDT,6,4.06402442626861,4.06402442626861,6,0
AUCTIONUSDT,7,10.401333730335264,2.506387924358571,4,3
ETHFIUSDT,14,3.7911080591789372,14.22507310750883,13,1
SNXUSDT,5,1.8782226487498983,1.8782226487498983,4,1
1000RATSUSDT,2,2.1865837789782017,2.1865837789782017,2,0
ADAUSDT,8,-6.0,-5.0,7,1
BERAUSDT,11,2.3893603120079,6.732970500868364,9,2
BIOUSDT,11,0.029350591290087102,5.788659072991978,11,0
MUBARAKUSDT,8,1.4983459267086117,-1.2320718892710083,7,1
RESOLVUSDT,9,-1.753096470371593,2.857567026452226,8,1
RECALLUSDT,3,1.9480907150162303,1.9480907150162303,3,0
KGENUSDT,5,6.4356032885457,3.8447769077127534,4,1
IPUSDT,8,5.782335454402867,3.4699327425690423,7,1
EDUUSDT,4,-0.8847812733881382,-3.0,3,1
ARPAUSDT,3,2.814303418596917,2.814303418596917,2,1
XNYUSDT,9,0.3203971887559627,-2.230679175194892,8,1
INUSDT,3,5.493346306325882,5.493346306325882,3,0
RSRUSDT,13,2.7780847929929227,5.642681667222218,12,1
POLYXUSDT,8,4.980861335293195,4.980861335293195,8,0
PROMUSDT,2,-1.0,-1.0,2,0
HUSDT,7,3.8869510938907124,1.6384634589277578,5,2
BIDUSDT,7,-3.5089029928119615,1.6434098812749856,6,1
FORTHUSDT,3,-2.0,2.0018767556746635,3,0
BLURUSDT,7,-6.0,-6.0,6,1
ASTERUSDT,6,3.9278515030395926,3.9278515030395926,6,0
BICOUSDT,8,-1.3522641592077504,-5.0,7,1
RUNEUSDT,7,-3.0,-2.0,6,1
LSKUSDT,8,-2.394972897256866,0.6050271027431342,8,0
LYNUSDT,6,-2.380893441126483,-1.8312549443764095,5,1
DUSDT,6,2.3482937708945855,-0.6480365783316309,5,1
AWEUSDT,10,-1.0243156671499114,0.9756843328500886,8,2
ZORAUSDT,6,1.761952904739207,1.761952904739207,6,0
XPLUSDT,11,-1.2867194607525785,-0.6127186582173336,10,1
HANAUSDT,6,4.606874158478339,2.571121054237993,5,1
DMCUSDT,6,-0.7179146763227289,0.2820853236772711,6,0
SLPUSDT,6,1.726653907509014,-1.1748151152301807,5,1
STBLUSDT,5,6.985446424118594,6.985446424118594,4,0
HOMEUSDT,4,-4.0,-4.0,4,0
PAXGUSDT,11,-3.0,-3.0,11,0
SSVUSDT,8,-1.0360155315043311,-0.03601553150433112,7,1
CYBERUSDT,11,9.658215404022908,10.31490462718478,10,1
SFPUSDT,7,-6.0,-6.0,7,0
COTIUSDT,12,1.8172119552236397,-0.32639489473866723,11,1
RVNUSDT,4,-4.0,-4.0,4,0
HEIUSDT,1,0,0,1,0
ORDIUSDT,12,0.8622784645107524,0.7322137877471397,7,5
RVVUSDT,4,8.371865536256347,4.043267532799231,2,2
RIFUSDT,2,2.8893096459358447,-1.0,1,1
1000WHYUSDT,7,1.520290736039079,0.9863014165623645,3,4
YGGUSDT,7,-2.5264199420387707,-6.0,6,1
NXPCUSDT,3,5.978937642326894,5.978937642326894,3,0
RLSUSDT,2,0,0,2,0
SEIUSDT,9,2.3737129071218126,-1.2637234504675465,8,1
AIUSDT,7,-2.3563553605995295,-1.8035238899359394,6,1
ETCUSDT,10,-2.466761753266538,-2.466761753266538,10,0
FORMUSDT,5,-4.0,-4.0,5,0
COSUSDT,12,5.115716473401296,6.115716473401296,11,1
MTLUSDT,3,2.639580551324702,0,1,2
ATAUSDT,6,-0.3484140281377024,3.4770932066765097,5,1
KNCUSDT,4,2.537844411503613,-1.0,3,1
ATHUSDT,10,4.369820492313391,4.369820492313391,10,0
KERNELUSDT,4,1.46040166290308,-2.0,3,1
0GUSDT,7,7.942686709000743,9.610828304270457,6,1
HEMIUSDT,8,-3.9912933876078407,-5.0,6,2
CATIUSDT,4,9.661796429181965,10.661796429181965,3,1
CTSIUSDT,10,7.138773628864678,14.704167359875159,9,1
ZROUSDT,7,1.8005244960549605,6.5791813774392995,7,0
HYPERUSDT,11,4.196616737224737,8.69039035454582,9,2
MUSDT,2,-2.0,1.954765079022105,2,0
IOTAUSDT,8,1.239207658380864,1.239207658380864,8,0
NFPUSDT,9,0.8418907521640029,1.8418907521640029,7,2
SOMIUSDT,8,-4.694057605848501,-6.0,6,2
POWERUSDT,0,0,0,0,0
BEAMXUSDT,10,-3.603947264811699,-6.0,9,1
SAGAUSDT,8,0.9445241083457403,-0.629119366048223,5,3
TAIKOUSDT,5,4.0710242534207595,1.5774260815123862,4,1
NMRUSDT,9,-0.24710081484824364,-0.24710081484824364,9,0
ALICEUSDT,5,7.509135239358712,-1.0,2,3
COMMONUSDT,4,0.2012926191583917,0.2012926191583917,4,0
SQDUSDT,9,-5.2187262964206855,-5.2187262964206855,9,0
CLANKERUSDT,6,0.7779334711395531,-3.0,4,2
FLUXUSDT,9,-3.8167408893210184,-2.8167408893210184,9,0
IOUSDT,9,2.654902300231727,4.736422629233373,7,2
CCUSDT,7,1.7022523649919767,-0.9723221489422094,6,1
LUMIAUSDT,7,2.7088008883004937,2.7088008883004937,7,0
API3USDT,9,5.559182573627801,4.39127229909376,5,4
HAEDALUSDT,12,7.175212188066194,3.9718163317303428,11,1
AVAAIUSDT,5,0.13881721471747754,0.13881721471747754,5,0
BTCDOMUSDT,3,-2.0,-2.0,3,0
TURBOUSDT,11,13.497030912014795,18.385031932695078,11,0
SPELLUSDT,8,5.82625171607571,6.82625171607571,6,2
MANTAUSDT,9,-3.9910385588859945,-2.9910385588859945,8,1
INJUSDT,16,-7.087027864566831,-1.5351821239023526,15,1
OMUSDT,8,3.3567889771987915,3.3567889771987915,8,0
ARCUSDT,10,0.46252018938045936,2.4803419395827775,9,1
1000BONKUSDT,15,7.54199292461272,9.541992924612721,14,1
TRXUSDT,0,0,0,0,0
MITOUSDT,5,-5.0,-1.7317236736513526,5,0
TAOUSDT,3,-3.0,-1.0,2,1
AUSDT,7,-0.9546659399892632,-0.9546659399892632,6,1
ALCHUSDT,5,2.2947238944025115,2.2947238944025115,5,0
BCHUSDT,3,-2.0,-2.0,3,0
FOLKSUSDT,3,1.0037068357984564,2.0690944761761467,2,1
BASUSDT,8,0.9553821107822797,-3.0881298423873424,6,2
GRASSUSDT,6,-2.14964241755107,-3.0,4,2
PUMPUSDT,6,4.967896641511501,3.715556964633355,4,2
NEARUSDT,8,0.8811408232593465,-0.7512902253170424,6,2
CUDISUSDT,8,4.186218422824467,2.415653680271453,5,3
TURTLEUSDT,3,1.1507391853997904,1.1507391853997904,3,0
WLFIUSDT,9,-1.4777294665380292,-5.0,8,1
ZRXUSDT,5,-4.0,-4.0,5,0
HMSTRUSDT,7,-2.5800593850176217,0.41994061498237834,4,3
FUSDT,6,5.5888720718271525,5.5888720718271525,6,0
ZKCUSDT,6,-1.801552438562939,-4.0,4,2
DOGSUSDT,12,-10.0,-2.6620614690132975,11,1
MOCAUSDT,8,-2.510716029816613,0.6045338751772116,8,0
LISTAUSDT,8,-3.7374624190740158,-3.7374624190740158,8,0
MAGICUSDT,7,-1.336064323904587,3.9618031725279033,6,1
SPKUSDT,11,8.396704251591753,15.978086729154814,10,1
SUPERUSDT,10,-4.46958568272217,-4.46958568272217,10,0
SOLUSDT,4,-3.0,-2.0,4,0
BOMEUSDT,16,0.8503464544111767,6.531641265233926,13,3
MIRAUSDT,5,3.6925624778365758,3.6925624778365758,5,0
BLUAIUSDT,5,-1.6592051639752392,-4.0,4,1
SOONUSDT,6,1.6536235229576963,0.5937228946635571,5,1
LTCUSDT,10,-7.0,-6.0,9,1
MINAUSDT,7,1.6296941266547669,-3.0,5,2
ASRUSDT,4,-1.0,-1.0,2,2
KMNOUSDT,4,-4.0,-4.0,4,0
CHRUSDT,6,2.2813962705965505,7.078627544613145,4,2
THETAUSDT,7,-1.493566305117032,-1.493566305117032,7,0
YFIUSDT,3,-3.0,-3.0,3,0
FILUSDT,7,4.277944568440606,-1.9759432261214211,5,2
NEIROUSDT,17,11.390980816271059,9.279690388477736,15,2
ZENUSDT,11,-5.862929946581265,0.5135231819533304,10,1
SWARMSUSDT,8,6.57428672412345,2.1694246561160284,6,2
KAITOUSDT,10,-0.016112428498266773,9.471977178143709,10,0
YALAUSDT,8,-1.7555430279425788,-3.7421812191975774,7,1
JTOUSDT,7,5.291676008039564,-4.0,4,3
LUNA2USDT,9,2.6326932152125613,2.6326932152125613,9,0
HBARUSDT,7,9.51401637636656,13.596045067712609,5,2
GALAUSDT,13,3.8189663990347045,4.8189663990347045,12,1
VELODROMEUSDT,8,-8.0,-2.9141847586606056,7,1
AINUSDT,3,-3.0,-3.0,3,0
SAHARAUSDT,4,-3.0,-3.0,3,1
1000XECUSDT,4,6.271641010017071,6.271641010017071,4,0
RPLUSDT,12,3.4476039355791093,0.5479391094068413,10,2
MOVRUSDT,6,5.605681941799108,2.7911867058639688,5,1
WALUSDT,8,-4.635472908386497,-0.3518097052633462,8,0
